State_UT,Year,PhD_Male,PhD_Female,PhD_Total,MPhil_Male,MPhil_Female,MPhil_Total,PG_Male,PG_Female,PG_Total,UG_Male,UG_Female,UG_Total,PG_Diploma_Male,PG_Diploma_Female,PG_Diploma_Total,Diploma_Male,Diploma_Female,Diploma_Total,Certificate_Male,Certificate_Female,Certificate_Total,Integrated_Male,Integrated_Female,Integrated_Total,Grand_Total_Male,Grand_Total_Female,Grand_Total
All India,2023-24,172356.0,171203.0,343559.0,668.0,1418.0,2086.0,2532581.607225796,3253270.415964306,5785852.023190103,17458030.01102234,17124237.520693302,34582267.53171565,102257.0,91332.0,193589.0,1988079.0,1327649.0,3315728.0,97842.0,110790.0,208632.0,296361.0,273048.0,569409.0,22648174.61824814,22352947.93665761,45001122.55490576
All India,2022-23,120981.0,112441.0,233422.0,1270.0,1964.0,3234.0,2511463.347512446,3202950.238688609,5714413.586201055,17855691.27810438,16819897.37637343,34675588.65447781,116482.0,98009.0,214491.0,1909954.0,1192121.0,3102075.0,76413.0,73826.0,150239.0,285117.0,253681.0,538798.0,22877371.62561683,21754889.61506204,44632261.24067886
All India,2021-22,113932.0,98636.0,212568.0,3393.0,6127.0,9520.0,2325040.0,2892713.0,5217753.0,17854294.0,16284939.0,34139233.0,130028.0,104755.0,234783.0,1860546.0,1055899.0,2916445.0,40558.0,36742.0,77300.0,248598.0,211981.0,460579.0,22576389.0,20691792.0,43268181.0
All India,2020-21,116764.0,95088.0,211852.0,6345.0,10399.0,16744.0,2053794.0,2662855.0,4716649.0,16747674.0,15909835.0,32657509.0,143723.0,113464.0,257187.0,1873568.0,1105752.0,2979320.0,83841.0,72070.0,155911.0,212201.0,173340.0,385541.0,21237910.0,20142803.0,41380713.0
All India,2019-20,111444.0,91106.0,202550.0,9043.0,14891.0,23934.0,1860163.0,2452372.0,4312535.0,15563077.0,15084210.0,30647287.0,116346.0,100903.0,217249.0,1740798.0,931764.0,2672562.0,74164.0,85705.0,159869.0,168712.0,131661.0,300373.0,19643747.0,18892612.0,38536359.0
A & N Islands,2023-24,,,,,,,492.0,813.0,1305.0,2575.0,2338.0,4913.0,23.0,30.0,53.0,369.0,309.0,678.0,,,,48.0,131.0,179.0,3507.0,3621.0,7128.0
A & N Islands,2022-23,,,,,,,534.0,751.0,1285.0,2794.0,2331.0,5125.0,34.0,41.0,75.0,443.0,334.0,777.0,0.0,0.0,0.0,48.0,131.0,179.0,3853.0,3588.0,7441.0
A & N Islands,2021-22,5.0,9.0,14.0,,,,575.0,942.0,1517.0,3807.0,4444.0,8251.0,26.0,37.0,63.0,555.0,407.0,962.0,39.0,33.0,72.0,193.0,355.0,548.0,5200.0,6227.0,11427.0
A & N Islands,2020-21,7.0,12.0,19.0,0.0,0.0,0.0,582.0,979.0,1561.0,4055.0,4672.0,8727.0,85.0,56.0,141.0,621.0,455.0,1076.0,39.0,33.0,72.0,145.0,224.0,369.0,5534.0,6431.0,11965.0
A & N Islands,2019-20,5.0,9.0,14.0,0.0,0.0,0.0,571.0,969.0,1540.0,3397.0,4059.0,7456.0,58.0,40.0,98.0,310.0,262.0,572.0,46.0,36.0,82.0,145.0,224.0,369.0,4532.0,5599.0,10131.0
Andhra Pradesh,2023-24,4490.0,3837.0,8327.0,,,,99603.97720453216,103195.37268088624,202799.3498854184,731768.6058946138,701269.8314645018,1433038.4373591156,1638.0,1027.0,2665.0,83707.0,61212.0,144919.0,385.0,191.0,576.0,7512.0,4531.0,12043.0,929104.5830991461,875263.204145388,1804367.7872445341
Andhra Pradesh,2022-23,3348.0,2846.0,6194.0,,,,98766.66865020778,98877.89616023094,197645.0,763277.2286909269,712084.0476966025,1475361.276387529,918.0,545.0,1463.0,86764.0,59646.0,146410.0,257.0,65.0,322.0,7834.0,5116.0,12950.0,961164.8973411347,879179.9438568334,1840344.841197968
Andhra Pradesh,2021-22,3237.0,2346.0,5583.0,7.0,16.0,23.0,93141.0,91801.0,184942.0,828981.0,740069.0,1569050.0,997.0,574.0,1571.0,95265.0,61698.0,156963.0,357.0,154.0,511.0,6754.0,3762.0,10516.0,1028739.0,900420.0,1929159.0
Andhra Pradesh,2020-21,4283.0,2708.0,6991.0,70.0,48.0,118.0,98570.0,97244.0,195814.0,846588.0,759307.0,1605895.0,758.0,431.0,1189.0,96913.0,66591.0,163504.0,454.0,696.0,1150.0,8429.0,4528.0,12957.0,1056065.0,931553.0,1987618.0
Andhra Pradesh,2019-20,3837.0,2879.0,6716.0,175.0,102.0,277.0,112024.0,105816.0,217840.0,798084.0,694983.0,1493067.0,1402.0,879.0,2281.0,93033.0,60085.0,153118.0,3921.0,6917.0,10838.0,8650.0,4362.0,13012.0,1021126.0,876023.0,1897149.0
Arunachal Pradesh,2023-24,750.0,607.0,1357.0,,,,5269.0,5519.0,10788.0,22695.0,20562.0,43257.0,109.0,86.0,195.0,1146.0,1366.0,2512.0,332.0,186.0,518.0,1086.0,735.0,1821.0,31387.0,29061.0,60448.0
Arunachal Pradesh,2022-23,402.0,275.0,677.0,23.0,18.0,41.0,5733.0,5844.0,11577.0,24535.0,20952.0,45487.0,125.0,93.0,218.0,1450.0,1660.0,3110.0,329.0,194.0,523.0,1113.0,766.0,1879.0,33710.0,29802.0,63512.0
Arunachal Pradesh,2021-22,441.0,240.0,681.0,,,,6481.0,6215.0,12696.0,25094.0,21201.0,46295.0,152.0,101.0,253.0,1335.0,1260.0,2595.0,329.0,163.0,492.0,1163.0,715.0,1878.0,34995.0,29895.0,64890.0
Arunachal Pradesh,2020-21,470.0,258.0,728.0,56.0,74.0,130.0,5623.0,5814.0,11437.0,22310.0,20017.0,42327.0,97.0,80.0,177.0,1403.0,1139.0,2542.0,310.0,162.0,472.0,1196.0,726.0,1922.0,31465.0,28270.0,59735.0
Arunachal Pradesh,2019-20,597.0,469.0,1066.0,77.0,113.0,190.0,4960.0,5880.0,10840.0,20418.0,19017.0,39435.0,127.0,144.0,271.0,1308.0,645.0,1953.0,299.0,119.0,418.0,1015.0,628.0,1643.0,28801.0,27015.0,55816.0
Assam,2023-24,5818.0,5510.0,11328.0,9.0,49.0,58.0,41593.0,66887.94736842105,108481.0,289003.052631579,311786.6842105263,600789.7368421053,526.0,576.0,1102.0,17683.0,21509.0,39192.0,10511.0,14612.0,25123.0,3155.0,4231.0,7386.0,368298.05263157893,425161.63157894736,793459.6842105263
Assam,2022-23,3048.0,2359.0,5407.0,16.0,42.0,58.0,40226.07142857143,58561.57142857143,98788.0,279108.5,281003.9285714286,560112.4285714285,758.0,842.0,1600.0,19056.0,20514.0,39570.0,16041.0,23220.0,39261.0,2879.0,3598.0,6477.0,361132.5714285714,390140.5,751273.0714285715
Assam,2021-22,3140.0,2230.0,5370.0,82.0,132.0,214.0,26134.0,36830.0,62964.0,288411.0,290995.0,579406.0,693.0,828.0,1521.0,12793.0,9470.0,22263.0,102.0,688.0,790.0,2571.0,2913.0,5484.0,333926.0,344086.0,678012.0
Assam,2020-21,3648.0,2356.0,6004.0,126.0,180.0,306.0,23461.0,33328.0,56789.0,297876.0,304835.0,602711.0,984.0,946.0,1930.0,12972.0,9814.0,22786.0,459.0,866.0,1325.0,2459.0,2783.0,5242.0,341985.0,355108.0,697093.0
Assam,2019-20,3214.0,2413.0,5627.0,245.0,371.0,616.0,27523.0,39800.0,67323.0,269915.0,278078.0,547993.0,1683.0,1530.0,3213.0,11139.0,8078.0,19217.0,743.0,1176.0,1919.0,2446.0,2247.0,4693.0,316908.0,333693.0,650601.0
Bihar,2023-24,3287.0,2407.0,5694.0,4.0,4.0,8.0,87198.41666666667,98826.36111111111,186024.77777777778,1188996.8888888888,1221731.5833333333,2410728.472222222,1712.0,1007.0,2719.0,74984.0,65178.0,140162.0,5998.0,3965.0,9963.0,2624.0,1947.0,4571.0,1364804.3055555555,1395065.9444444445,2759870.25
Bihar,2022-23,3434.0,2205.0,5639.0,,,,78027.40741390741,86469.17668317669,164496.5840970841,1202318.208801875,1118963.629027296,2321281.837829171,1812.0,920.0,2732.0,67553.0,57795.0,125348.0,2060.0,1694.0,3754.0,2659.0,1981.0,4640.0,1357863.616215783,1270027.805710472,2627891.421926255
Bihar,2021-22,3720.0,1854.0,5574.0,,,,80756.0,74667.0,155423.0,1291227.0,1041776.0,2333003.0,1989.0,808.0,2797.0,65540.0,53449.0,118989.0,1419.0,1292.0,2711.0,2809.0,1640.0,4449.0,1447460.0,1175486.0,2622946.0
Bihar,2020-21,2625.0,1183.0,3808.0,50.0,23.0,73.0,99157.0,84462.0,183619.0,1141620.0,911387.0,2053007.0,2798.0,1077.0,3875.0,57296.0,49189.0,106485.0,3264.0,2885.0,6149.0,2592.0,1333.0,3925.0,1309402.0,1051539.0,2360941.0
Bihar,2019-20,1665.0,1034.0,2699.0,55.0,15.0,70.0,61287.0,59654.0,120941.0,855740.0,677529.0,1533269.0,1814.0,801.0,2615.0,43054.0,25907.0,68961.0,4029.0,2564.0,6593.0,2258.0,1026.0,3284.0,969902.0,768530.0,1738432.0
Chandigarh,2023-24,1320.0,2032.0,3352.0,,,,8235.0,12255.0,20490.0,36798.0,34547.0,71345.0,769.0,868.0,1637.0,2120.0,2942.0,5062.0,400.0,217.0,617.0,878.0,1333.0,2211.0,50520.0,54194.0,104714.0
Chandigarh,2022-23,340.0,350.0,690.0,0.0,1.0,1.0,8819.0,12692.0,21511.0,40140.0,35871.0,76011.0,846.0,938.0,1784.0,2359.0,2305.0,4664.0,473.0,314.0,787.0,1094.0,1553.0,2647.0,54071.0,54024.0,108095.0
Chandigarh,2021-22,343.0,454.0,797.0,19.0,25.0,44.0,9172.0,13600.0,22772.0,41264.0,36134.0,77398.0,899.0,965.0,1864.0,2152.0,2828.0,4980.0,319.0,288.0,607.0,1123.0,1418.0,2541.0,55291.0,55712.0,111003.0
Chandigarh,2020-21,323.0,427.0,750.0,158.0,29.0,187.0,8669.0,13715.0,22384.0,40358.0,35349.0,75707.0,1138.0,1181.0,2319.0,3035.0,3631.0,6666.0,245.0,237.0,482.0,883.0,1087.0,1970.0,54809.0,55656.0,110465.0
Chandigarh,2019-20,409.0,550.0,959.0,140.0,48.0,188.0,8560.0,13854.0,22414.0,39098.0,34415.0,73513.0,1065.0,1115.0,2180.0,2340.0,1944.0,4284.0,419.0,281.0,700.0,1139.0,1290.0,2429.0,53170.0,53497.0,106667.0
Chhattisgarh,2023-24,2349.0,2159.0,4508.0,12.0,25.0,37.0,61020.802325581404,90476.11627906977,151496.91860465117,260687.6918604651,336555.77906976745,597243.4709302326,6911.0,8103.0,15014.0,25742.0,21058.0,46800.0,414.0,443.0,857.0,3169.0,2983.0,6152.0,360305.4941860464,461802.89534883725,822108.3895348837
Chhattisgarh,2022-23,1300.0,1343.0,2643.0,7.0,18.0,25.0,70242.24952460213,99799.0183196429,170041.267844245,319281.169061965,371381.4991299825,690662.6681919474,7446.0,8598.0,16044.0,23239.0,19540.0,42779.0,274.0,404.0,678.0,2775.0,2654.0,5429.0,424564.4185865671,503737.5174496254,928301.9360361925
Chhattisgarh,2021-22,920.0,917.0,1837.0,4.0,8.0,12.0,35630.0,51834.0,87464.0,227084.0,275545.0,502629.0,8448.0,8480.0,16928.0,23571.0,18112.0,41683.0,254.0,435.0,689.0,2690.0,2409.0,5099.0,298601.0,357740.0,656341.0
Chhattisgarh,2020-21,910.0,744.0,1654.0,36.0,22.0,58.0,33737.0,46771.0,80508.0,215732.0,259411.0,475143.0,14443.0,14621.0,29064.0,36144.0,27021.0,63165.0,296.0,435.0,731.0,1542.0,1540.0,3082.0,302840.0,350565.0,653405.0
Chhattisgarh,2019-20,824.0,691.0,1515.0,109.0,89.0,198.0,30137.0,40444.0,70581.0,187304.0,228077.0,415381.0,13986.0,14396.0,28382.0,38361.0,27702.0,66063.0,210.0,335.0,545.0,1882.0,1848.0,3730.0,272813.0,313582.0,586395.0
Delhi,2023-24,9882.0,8752.0,18634.0,27.0,72.0,99.0,80040.18321637425,108959.18298245614,188999.3661988304,499049.5004678363,469236.101754386,968285.6022222223,7804.0,6649.0,14453.0,17031.0,15485.0,32516.0,1110.0,1083.0,2193.0,5313.0,4465.0,9778.0,620256.6836842105,614701.2847368421,1234957.9684210527
Delhi,2022-23,11335.0,9641.0,20976.0,249.0,251.0,500.0,81270.44021739131,107433.1679697432,188703.6081871345,541189.2603928299,491511.1062166285,1032700.366609458,8489.0,6452.0,14941.0,17805.0,14310.0,32115.0,1353.0,1253.0,2606.0,5254.0,3965.0,9219.0,666944.7006102212,634816.2741863717,1301760.974796593
Delhi,2021-22,7533.0,6561.0,14094.0,716.0,761.0,1477.0,73783.0,103616.0,177399.0,473724.0,425006.0,898730.0,8389.0,6686.0,15075.0,16092.0,13965.0,30057.0,1331.0,1093.0,2424.0,3785.0,2349.0,6134.0,585353.0,560037.0,1145390.0
Delhi,2020-21,8112.0,7332.0,15444.0,772.0,764.0,1536.0,69649.0,97222.0,166871.0,454449.0,409832.0,864281.0,9715.0,7442.0,17157.0,17002.0,15459.0,32461.0,1415.0,1143.0,2558.0,3735.0,2228.0,5963.0,564849.0,541422.0,1106271.0
Delhi,2019-20,8812.0,7458.0,16270.0,650.0,672.0,1322.0,71734.0,103717.0,175451.0,467104.0,419284.0,886388.0,6054.0,4758.0,10812.0,18927.0,15039.0,33966.0,2467.0,1684.0,4151.0,2999.0,1497.0,4496.0,578747.0,554109.0,1132856.0
Goa,2023-24,851.0,965.0,1816.0,4.0,11.0,15.0,3600.0,5162.0,8762.0,22614.0,22796.0,45410.0,84.0,105.0,189.0,3373.0,1405.0,4778.0,406.0,168.0,574.0,1698.0,1389.0,3087.0,32630.0,32001.0,64631.0
Goa,2022-23,635.0,743.0,1378.0,4.0,10.0,14.0,3453.0,5222.0,8675.0,23437.0,22689.0,46126.0,207.0,135.0,342.0,5150.0,1252.0,6402.0,66.0,13.0,79.0,1669.0,1340.0,3009.0,34621.0,31404.0,66025.0
Goa,2021-22,494.0,407.0,901.0,10.0,,10.0,3523.0,4859.0,8382.0,23132.0,22401.0,45533.0,131.0,123.0,254.0,6515.0,1006.0,7521.0,12.0,,12.0,1581.0,1221.0,2802.0,35398.0,30017.0,65415.0
Goa,2020-21,276.0,340.0,616.0,6.0,2.0,8.0,3113.0,4464.0,7577.0,20785.0,23406.0,44191.0,108.0,139.0,247.0,4677.0,1593.0,6270.0,17.0,14.0,31.0,422.0,923.0,1345.0,29404.0,30881.0,60285.0
Goa,2019-20,217.0,216.0,433.0,1.0,4.0,5.0,2534.0,4183.0,6717.0,17543.0,21755.0,39298.0,105.0,107.0,212.0,4439.0,930.0,5369.0,20.0,4.0,24.0,196.0,528.0,724.0,25055.0,27727.0,52782.0
Gujarat,2023-24,9232.0,7824.0,17056.0,,27.0,27.0,116596.0,141810.0,258406.0,782376.0,642326.0,1424702.0,4681.0,4043.0,8724.0,114602.0,73245.0,187847.0,8365.0,5981.0,14346.0,17646.0,13504.0,31150.0,1053498.0,888760.0,1942258.0
Gujarat,2022-23,6166.0,4963.0,11129.0,31.0,17.0,48.0,114994.0,135095.0,250089.0,784928.0,617558.0,1402486.0,5804.0,4764.0,10568.0,113413.0,64446.0,177859.0,3400.0,3376.0,6776.0,16042.0,12544.0,28586.0,1044778.0,842763.0,1887541.0
Gujarat,2021-22,4799.0,3734.0,8533.0,35.0,29.0,64.0,97560.0,118747.0,216307.0,775408.0,592468.0,1367876.0,4508.0,4086.0,8594.0,111752.0,55782.0,167534.0,3245.0,2666.0,5911.0,12359.0,10484.0,22843.0,1009666.0,787996.0,1797662.0
Gujarat,2020-21,4819.0,3202.0,8021.0,135.0,177.0,312.0,86719.0,99388.0,186107.0,712608.0,545854.0,1258462.0,3856.0,3072.0,6928.0,103346.0,50683.0,154029.0,17256.0,5035.0,22291.0,9405.0,7575.0,16980.0,938144.0,714986.0,1653130.0
Gujarat,2019-20,4380.0,3050.0,7430.0,468.0,469.0,937.0,67586.0,87425.0,155011.0,681018.0,526227.0,1207245.0,3780.0,3456.0,7236.0,94560.0,45181.0,139741.0,5540.0,7185.0,12725.0,7635.0,6880.0,14515.0,864967.0,679873.0,1544840.0
Haryana,2023-24,5118.0,8076.0,13194.0,27.0,49.0,76.0,53961.0,93710.0,147671.0,405585.0,445277.0,850862.0,2247.0,2124.0,4371.0,66208.0,36157.0,102365.0,892.0,1223.0,2115.0,13403.0,13332.0,26735.0,547441.0,599948.0,1147389.0
Haryana,2022-23,2728.0,4155.0,6883.0,18.0,47.0,65.0,58231.0,103720.0,161951.0,410158.0,433001.0,843159.0,2395.0,2055.0,4450.0,67479.0,35855.0,103334.0,776.0,888.0,1664.0,12766.0,11290.0,24056.0,554551.0,591011.0,1145562.0
Haryana,2021-22,1784.0,2385.0,4169.0,16.0,32.0,48.0,57199.0,98973.0,156172.0,405310.0,417253.0,822563.0,1801.0,1734.0,3535.0,63957.0,31839.0,95796.0,298.0,522.0,820.0,11781.0,9648.0,21429.0,542146.0,562386.0,1104532.0
Haryana,2020-21,2046.0,2502.0,4548.0,104.0,142.0,246.0,50192.0,80377.0,130569.0,392179.0,389514.0,781693.0,1596.0,1331.0,2927.0,61163.0,28798.0,89961.0,693.0,991.0,1684.0,9840.0,7691.0,17531.0,517813.0,511346.0,1029159.0
Haryana,2019-20,1810.0,2356.0,4166.0,80.0,230.0,310.0,41587.0,69928.0,111515.0,354321.0,368329.0,722650.0,2059.0,1672.0,3731.0,49706.0,21579.0,71285.0,1621.0,1778.0,3399.0,9303.0,7182.0,16485.0,460487.0,473054.0,933541.0
Himachal Pradesh,2023-24,1252.0,1198.0,2450.0,11.0,1.0,12.0,20836.573898281593,24632.213614256678,45468.78751253827,120725.48467789829,144116.65797632246,264842.14265422075,577.0,786.0,1363.0,9512.0,9602.0,19114.0,183.0,121.0,304.0,1333.0,1285.0,2618.0,154430.05857617987,181741.87159057913,336171.930166759
Himachal Pradesh,2022-23,965.0,976.0,1941.0,11.0,1.0,12.0,17483.18918010753,21603.8006672427,39086.98984735023,120207.7165418587,138775.8077476959,258983.5242895545,747.0,917.0,1664.0,9049.0,9910.0,18959.0,184.0,223.0,407.0,1531.0,1183.0,2714.0,150177.9057219662,173589.6084149386,323767.5141369047
Himachal Pradesh,2021-22,1028.0,1055.0,2083.0,44.0,38.0,82.0,15071.0,18862.0,33933.0,119249.0,141142.0,260391.0,970.0,917.0,1887.0,8944.0,9189.0,18133.0,333.0,204.0,537.0,1504.0,1101.0,2605.0,147143.0,172508.0,319651.0
Himachal Pradesh,2020-21,1100.0,1012.0,2112.0,136.0,134.0,270.0,13471.0,16133.0,29604.0,107717.0,128469.0,236186.0,730.0,753.0,1483.0,8214.0,8687.0,16901.0,324.0,236.0,560.0,1504.0,965.0,2469.0,133196.0,156389.0,289585.0
Himachal Pradesh,2019-20,1027.0,897.0,1924.0,118.0,214.0,332.0,12488.0,16079.0,28567.0,107453.0,129428.0,236881.0,1049.0,1240.0,2289.0,8515.0,8198.0,16713.0,591.0,678.0,1269.0,990.0,523.0,1513.0,132231.0,157257.0,289488.0
Jammu and Kashmir,2023-24,2461.0,2799.0,5260.0,,,,22059.0,38099.0,60158.0,120638.0,132005.0,252643.0,544.0,415.0,959.0,10457.0,11215.0,21672.0,181.0,800.0,981.0,4867.0,5947.0,10814.0,161207.0,191280.0,352487.0
Jammu and Kashmir,2022-23,1788.0,2085.0,3873.0,,,,25877.0,41663.0,67540.0,146544.0,143979.0,290523.0,594.0,406.0,1000.0,9448.0,10836.0,20284.0,695.0,800.0,1495.0,5379.0,6217.0,11596.0,190325.0,205986.0,396311.0
Jammu and Kashmir,2021-22,1879.0,1923.0,3802.0,41.0,82.0,123.0,30709.0,41398.0,72107.0,145870.0,147226.0,293096.0,777.0,483.0,1260.0,9080.0,10909.0,19989.0,410.0,489.0,899.0,4188.0,4959.0,9147.0,192954.0,207469.0,400423.0
Jammu and Kashmir,2020-21,2412.0,2033.0,4445.0,117.0,180.0,297.0,29946.0,36342.0,66288.0,141590.0,147415.0,289005.0,1183.0,646.0,1829.0,12879.0,12592.0,25471.0,840.0,769.0,1609.0,4509.0,5401.0,9910.0,193476.0,205378.0,398854.0
Jammu and Kashmir,2019-20,2080.0,1909.0,3989.0,94.0,156.0,250.0,28673.0,34950.0,63623.0,154680.0,147209.0,301889.0,931.0,620.0,1551.0,8951.0,6660.0,15611.0,994.0,1123.0,2117.0,2846.0,3540.0,6386.0,199249.0,196167.0,395416.0
Jharkhand,2023-24,2807.0,1913.0,4720.0,21.0,70.0,91.0,42925.0,62146.0,105071.0,352440.0,371097.0,723537.0,2451.0,1405.0,3856.0,45810.0,30170.0,75980.0,1940.0,963.0,2903.0,3332.0,2365.0,5697.0,451726.0,470129.0,921855.0
Jharkhand,2022-23,1403.0,879.0,2282.0,13.0,66.0,79.0,46427.0,66974.0,113401.0,357852.0,352306.0,710158.0,2335.0,1265.0,3600.0,39069.0,26247.0,65316.0,998.0,533.0,1531.0,2729.0,1684.0,4413.0,450826.0,449954.0,900780.0
Jharkhand,2021-22,2039.0,1113.0,3152.0,14.0,66.0,80.0,48894.0,63574.0,112468.0,362777.0,347379.0,710156.0,2051.0,1087.0,3138.0,31177.0,14953.0,46130.0,906.0,440.0,1346.0,2248.0,1247.0,3495.0,450106.0,429859.0,879965.0
Jharkhand,2020-21,1738.0,919.0,2657.0,18.0,63.0,81.0,42929.0,62500.0,105429.0,314684.0,312130.0,626814.0,2901.0,1184.0,4085.0,28104.0,14712.0,42816.0,1160.0,800.0,1960.0,1815.0,1030.0,2845.0,393349.0,393338.0,786687.0
Jharkhand,2019-20,2469.0,1020.0,3489.0,33.0,74.0,107.0,42783.0,63051.0,105834.0,330828.0,329263.0,660091.0,3061.0,1602.0,4663.0,26918.0,11213.0,38131.0,672.0,1256.0,1928.0,2095.0,1222.0,3317.0,408859.0,408701.0,817560.0
Karnataka,2023-24,9200.0,9101.0,18301.0,38.0,179.0,217.0,141900.7332352208,178386.89987365514,320287.63310887595,1055517.6556390964,1043525.7920722805,2099043.447711377,3760.0,2953.0,6713.0,158801.0,104908.0,263709.0,15991.0,15573.0,31564.0,10212.0,9886.0,20098.0,1395420.3888743175,1364512.6919459356,2759933.080820253
Karnataka,2022-23,5875.0,5791.0,11666.0,53.0,139.0,192.0,133710.0222699205,165748.1682663851,299458.1905363057,1047345.47594226,992910.1747632069,2040255.650705467,4829.0,3667.0,8496.0,152049.0,105031.0,257080.0,1770.0,1253.0,3023.0,9178.0,9015.0,18193.0,1354809.498212181,1283554.343029592,2638363.841241773
Karnataka,2021-22,6045.0,5148.0,11193.0,44.0,183.0,227.0,118528.0,142088.0,260616.0,982974.0,923326.0,1906300.0,4862.0,3664.0,8526.0,134943.0,94970.0,229913.0,1847.0,1196.0,3043.0,8761.0,7961.0,16722.0,1258004.0,1178536.0,2436540.0
Karnataka,2020-21,5752.0,5276.0,11028.0,60.0,189.0,249.0,120083.0,159105.0,279188.0,944677.0,924391.0,1869068.0,4112.0,3219.0,7331.0,138523.0,115311.0,253834.0,3120.0,2664.0,5784.0,7274.0,6681.0,13955.0,1223601.0,1216836.0,2440437.0
Karnataka,2019-20,8422.0,6566.0,14988.0,160.0,368.0,528.0,104832.0,134324.0,239156.0,848754.0,865942.0,1714696.0,5429.0,4444.0,9873.0,113722.0,80771.0,194493.0,1182.0,1520.0,2702.0,6382.0,5074.0,11456.0,1088883.0,1099009.0,2187892.0
Kerala,2023-24,4252.0,8354.0,12606.0,8.0,42.0,50.0,52995.51523136595,126101.87347542352,179097.38870678947,415901.863451662,550444.6785776952,966346.5420293572,1073.0,2022.0,3095.0,55902.0,40569.0,96471.0,1528.0,1409.0,2937.0,6482.0,9763.0,16245.0,538142.3786830279,738705.5520531187,1276847.9307361466
Kerala,2022-23,2894.0,6082.0,8976.0,14.0,58.0,72.0,45041.84104248718,117816.4149951648,162858.256037652,401393.107899537,535121.1141293028,936514.2220288398,1333.0,2023.0,3356.0,54281.0,40081.0,94362.0,1999.0,1280.0,3279.0,5701.0,9181.0,14882.0,512656.9489420241,711642.5291244676,1224299.478066492
Kerala,2021-22,3387.0,5747.0,9134.0,75.0,281.0,356.0,50946.0,121630.0,172576.0,439560.0,576826.0,1016386.0,1284.0,1836.0,3120.0,53625.0,35512.0,89137.0,580.0,1032.0,1612.0,5115.0,7009.0,12124.0,554572.0,749873.0,1304445.0
Kerala,2020-21,3184.0,5554.0,8738.0,207.0,745.0,952.0,45876.0,120643.0,166519.0,454250.0,633728.0,1087978.0,1498.0,1621.0,3119.0,49106.0,33686.0,82792.0,1278.0,3429.0,4707.0,4226.0,5505.0,9731.0,559625.0,804911.0,1364536.0
Kerala,2019-20,2817.0,4687.0,7504.0,197.0,676.0,873.0,40871.0,97643.0,138514.0,393073.0,509484.0,902557.0,1269.0,1221.0,2490.0,41613.0,30834.0,72447.0,1308.0,4365.0,5673.0,3701.0,4094.0,7795.0,484849.0,653004.0,1137853.0
Ladakh,2023-24,,,,,,,149.0,271.0,420.0,1194.0,2162.999999999999,3356.999999999999,,,,274.0,521.0,795.0,111.0,82.0,193.0,,,,1728.0,3036.999999999999,4764.999999999999
Ladakh,2022-23,10.0,8.0,18.0,,,,129.0,284.0,413.0,1247.0,2185.0,3432.0,,,,247.0,412.0,659.0,24.0,132.0,156.0,,,,1657.0,3021.0,4678.0
Ladakh,2021-22,15.0,3.0,18.0,,,,155.0,318.0,473.0,1187.0,2103.0,3290.0,,,,195.0,314.0,509.0,19.0,131.0,150.0,,,,1571.0,2869.0,4440.0
Ladakh,2020-21,6.0,2.0,8.0,0.0,0.0,0.0,70.0,23.0,93.0,740.0,1738.0,2478.0,0.0,0.0,0.0,245.0,185.0,430.0,0.0,0.0,0.0,47.0,91.0,138.0,1108.0,2039.0,3147.0
Ladakh,2019-20,6.0,2.0,8.0,0.0,0.0,0.0,26.0,28.0,54.0,798.0,1746.0,2544.0,0.0,0.0,0.0,112.0,24.0,136.0,0.0,0.0,0.0,57.0,98.0,155.0,999.0,1898.0,2897.0
Lakshadweep,2023-24,,,,,,,,,,122.0,371.0,493.0,,,,77.0,22.0,99.0,,,,,,,199.0,393.0,592.0
Lakshadweep,2022-23,,,,,,,,,,121.0,299.0,420.0,,,,71.0,22.0,93.0,,,,,,,192.0,321.0,513.0
Lakshadweep,2021-22,,,,,,,,,,14.0,74.0,88.0,,,,,,,,,,,,,14.0,74.0,88.0
Lakshadweep,2020-21,0.0,0.0,0.0,0.0,0.0,0.0,0.0,26.0,26.0,133.0,401.0,534.0,0.0,0.0,0.0,0.0,0.0,0.0,0.0,0.0,0.0,0.0,0.0,0.0,133.0,427.0,560.0
Lakshadweep,2019-20,0.0,0.0,0.0,0.0,0.0,0.0,0.0,26.0,26.0,133.0,401.0,534.0,0.0,0.0,0.0,0.0,0.0,0.0,0.0,0.0,0.0,0.0,0.0,0.0,133.0,427.0,560.0
Madhya Pradesh,2023-24,6275.0,5151.0,11426.0,2.0,24.0,26.0,228926.77014325705,271352.7978990711,500279.5680423282,1034683.4521015844,930663.5262378942,1965346.9783394786,20201.0,22224.0,42425.0,126828.0,77963.0,204791.0,2840.0,1647.0,4487.0,24769.0,20877.0,45646.0,1444525.2222448415,1329902.3241369654,2774427.546381807
Madhya Pradesh,2022-23,4364.0,3568.0,7932.0,1.0,15.0,16.0,216393.0954548672,253968.0625789669,470361.1580338341,1039897.473256092,918469.2321012723,1958366.705357364,25182.0,25586.0,50768.0,127069.0,76659.0,203728.0,2917.0,1603.0,4520.0,21628.0,17929.0,39557.0,1437451.568710959,1297797.294680239,2735248.863391198
Madhya Pradesh,2021-22,4283.0,3571.0,7854.0,,16.0,16.0,201345.0,239046.0,440391.0,1143205.0,953119.0,2096324.0,21509.0,20506.0,42015.0,114323.0,61488.0,175811.0,1563.0,858.0,2421.0,19680.0,15653.0,35333.0,1505908.0,1294257.0,2800165.0
Madhya Pradesh,2020-21,3676.0,2477.0,6153.0,91.0,58.0,149.0,159236.0,184377.0,343613.0,1067537.0,947070.0,2014607.0,21531.0,19739.0,41270.0,103265.0,56449.0,159714.0,2298.0,1272.0,3570.0,16402.0,13083.0,29485.0,1374036.0,1224525.0,2598561.0
Madhya Pradesh,2019-20,3006.0,2441.0,5447.0,427.0,449.0,876.0,125638.0,159465.0,285103.0,908857.0,802319.0,1711176.0,18338.0,20012.0,38350.0,75946.0,43555.0,119501.0,1866.0,1011.0,2877.0,10498.0,8326.0,18824.0,1144576.0,1037578.0,2182154.0
Maharashtra,2023-24,17597.0,15683.0,33280.0,18.0,18.0,36.0,303012.0154323463,316596.82970233896,619608.8451346853,1882657.4929465794,1621388.6444922888,3504046.137438868,11382.0,8508.0,19890.0,232782.0,195465.0,428247.0,12571.0,9955.0,22526.0,13038.0,12897.0,25935.0,2473057.508378926,2180511.4741946277,4653568.982573554
Maharashtra,2022-23,13171.0,11362.0,24533.0,33.0,28.0,61.0,323993.3537326133,342042.6237430933,666035.9774757066,2044038.101926012,1644917.445032604,3688955.546958616,16976.0,12170.0,29146.0,235878.0,181098.0,416976.0,4313.0,4492.0,8805.0,13138.0,11479.0,24617.0,2651540.455658625,2207589.068775698,4859129.524434323
Maharashtra,2021-22,10115.0,7717.0,17832.0,121.0,69.0,190.0,283304.0,303894.0,587198.0,1968964.0,1529764.0,3498728.0,25594.0,21182.0,46776.0,236517.0,157882.0,394399.0,7580.0,4905.0,12485.0,10636.0,9599.0,20235.0,2542831.0,2035012.0,4577843.0
Maharashtra,2020-21,9358.0,6393.0,15751.0,385.0,349.0,734.0,244931.0,319628.0,564559.0,1955828.0,1538148.0,3493976.0,14155.0,10540.0,24695.0,236423.0,157788.0,394211.0,22503.0,13879.0,36382.0,8314.0,7527.0,15841.0,2491897.0,2054252.0,4546149.0
Maharashtra,2019-20,7122.0,4861.0,11983.0,760.0,716.0,1476.0,225266.0,253236.0,478502.0,1866422.0,1526553.0,3392975.0,13295.0,10337.0,23632.0,183077.0,140057.0,323134.0,9835.0,8013.0,17848.0,8085.0,7837.0,15922.0,2313862.0,1951610.0,4265472.0
Manipur,2023-24,1518.0,1621.0,3139.0,4.0,8.0,12.0,6265.0,6584.0,12849.0,45832.0,45060.0,90892.0,339.0,293.0,632.0,1535.0,2792.0,4327.0,51.0,61.0,112.0,264.0,154.0,418.0,55808.0,56573.0,112381.0
Manipur,2022-23,1139.0,1211.0,2350.0,4.0,8.0,12.0,5962.304249929637,6576.591049817056,12538.89529974669,52550.43287362792,50229.88713763017,102780.3200112581,499.0,525.0,1024.0,1476.0,2607.0,4083.0,144.0,74.0,218.0,,,,61774.73712355756,61231.47818744722,123006.2153110048
Manipur,2021-22,725.0,723.0,1448.0,,6.0,6.0,4940.0,5528.0,10468.0,58171.0,54386.0,112557.0,555.0,419.0,974.0,1682.0,2967.0,4649.0,161.0,125.0,286.0,,,,66234.0,64154.0,130388.0
Manipur,2020-21,624.0,569.0,1193.0,0.0,12.0,12.0,4813.0,5649.0,10462.0,61246.0,60261.0,121507.0,396.0,269.0,665.0,1637.0,2607.0,4244.0,200.0,216.0,416.0,0.0,0.0,0.0,68916.0,69583.0,138499.0
Manipur,2019-20,538.0,507.0,1045.0,2.0,10.0,12.0,4689.0,5087.0,9776.0,54042.0,55248.0,109290.0,187.0,90.0,277.0,1383.0,2573.0,3956.0,77.0,105.0,182.0,0.0,0.0,0.0,60918.0,63620.0,124538.0
Meghalaya,2023-24,1112.0,1213.0,2325.0,1.0,,1.0,5926.8125,9542.09375,15468.90625,39272.58806818182,47720.2159090909,86992.80397727272,120.0,109.0,229.0,1279.0,2207.0,3486.0,330.0,338.0,668.0,284.0,361.0,645.0,48325.40056818182,61490.3096590909,109815.71022727272
Meghalaya,2022-23,525.0,534.0,1059.0,0.0,0.0,0.0,6070.575757575758,9701.636363636364,15772.21212121212,36319.90909090909,43550.24242424242,79870.15151515152,122.0,135.0,257.0,1288.0,2288.0,3576.0,458.0,455.0,913.0,234.0,251.0,485.0,45017.48484848485,56914.87878787878,101932.3636363636
Meghalaya,2021-22,458.0,331.0,789.0,1.0,2.0,3.0,5673.0,8432.0,14105.0,35954.0,41489.0,77443.0,280.0,363.0,643.0,988.0,2013.0,3001.0,31.0,55.0,86.0,203.0,180.0,383.0,43588.0,52865.0,96453.0
Meghalaya,2020-21,469.0,364.0,833.0,0.0,0.0,0.0,4039.0,6124.0,10163.0,36840.0,45359.0,82199.0,177.0,129.0,306.0,1334.0,2236.0,3570.0,172.0,214.0,386.0,73.0,54.0,127.0,43104.0,54480.0,97584.0
Meghalaya,2019-20,492.0,378.0,870.0,10.0,23.0,33.0,4146.0,6139.0,10285.0,33881.0,39321.0,73202.0,114.0,70.0,184.0,1083.0,1666.0,2749.0,48.0,48.0,96.0,70.0,52.0,122.0,39844.0,47697.0,87541.0
Mizoram,2023-24,760.0,708.0,1468.0,,,,2255.0,2775.0,5030.0,14869.0,13705.0,28574.0,41.0,17.0,58.0,4299.0,5426.0,9725.0,271.0,251.0,522.0,,,,22495.0,22882.0,45377.0
Mizoram,2022-23,667.0,579.0,1246.0,,,,2522.0,3063.0,5585.0,16401.0,15075.0,31476.0,20.0,9.0,29.0,4563.0,5699.0,10262.0,3.0,3.0,6.0,5.0,2.0,7.0,24181.0,24430.0,48611.0
Mizoram,2021-22,634.0,565.0,1199.0,,,,2398.0,3210.0,5608.0,16905.0,16249.0,33154.0,39.0,16.0,55.0,3200.0,3530.0,6730.0,,,,15.0,10.0,25.0,23191.0,23580.0,46771.0
Mizoram,2020-21,551.0,436.0,987.0,56.0,59.0,115.0,1992.0,2478.0,4470.0,15802.0,14971.0,30773.0,61.0,42.0,103.0,710.0,1480.0,2190.0,0.0,20.0,20.0,29.0,23.0,52.0,19201.0,19509.0,38710.0
Mizoram,2019-20,479.0,388.0,867.0,75.0,77.0,152.0,1982.0,2239.0,4221.0,13503.0,11793.0,25296.0,90.0,113.0,203.0,676.0,1285.0,1961.0,304.0,159.0,463.0,47.0,26.0,73.0,17156.0,16080.0,33236.0
Nagaland,2023-24,405.0,467.0,872.0,,,,2704.0,4415.0,7119.0,18172.0,20572.0,38744.0,13.0,30.0,43.0,837.0,1562.0,2399.0,352.0,395.0,747.0,,,,22483.0,27441.0,49924.0
Nagaland,2022-23,343.0,357.0,700.0,,,,2956.0,4989.0,7945.0,17937.0,20612.0,38549.0,16.0,31.0,47.0,843.0,1558.0,2401.0,844.0,820.0,1664.0,,,,22939.0,28367.0,51306.0
Nagaland,2021-22,290.0,330.0,620.0,12.0,6.0,18.0,3276.0,5178.0,8454.0,18770.0,20444.0,39214.0,40.0,89.0,129.0,859.0,1343.0,2202.0,310.0,276.0,586.0,,,,23557.0,27666.0,51223.0
Nagaland,2020-21,279.0,314.0,593.0,23.0,30.0,53.0,2843.0,4252.0,7095.0,17600.0,19228.0,36828.0,42.0,71.0,113.0,859.0,1210.0,2069.0,98.0,99.0,197.0,6.0,0.0,6.0,21750.0,25204.0,46954.0
Nagaland,2019-20,270.0,307.0,577.0,10.0,28.0,38.0,2063.0,3503.0,5566.0,16982.0,19252.0,36234.0,65.0,168.0,233.0,842.0,1027.0,1869.0,17.0,21.0,38.0,6.0,0.0,6.0,20255.0,24306.0,44561.0
Odisha,2023-24,4569.0,3621.0,8190.0,17.0,21.0,38.0,60588.0,68580.0,129168.0,419619.0,432275.0,851894.0,1690.0,1204.0,2894.0,121143.0,56328.0,177471.0,886.0,1402.0,2288.0,7024.0,6964.0,13988.0,615536.0,570395.0,1185931.0
Odisha,2022-23,2450.0,1640.0,4090.0,,,,55500.0,58487.0,113987.0,403935.0,399412.0,803347.0,2140.0,1292.0,3432.0,111800.0,50010.0,161810.0,604.0,1035.0,1639.0,6667.0,6636.0,13303.0,583096.0,518512.0,1101608.0
Odisha,2021-22,2668.0,1550.0,4218.0,269.0,303.0,572.0,63227.0,56471.0,119698.0,402899.0,379256.0,782155.0,1920.0,1165.0,3085.0,103764.0,47170.0,150934.0,651.0,899.0,1550.0,5769.0,5898.0,11667.0,581167.0,492712.0,1073879.0
Odisha,2020-21,1955.0,1326.0,3281.0,352.0,378.0,730.0,48874.0,50344.0,99218.0,370312.0,368176.0,738488.0,2408.0,1394.0,3802.0,94732.0,50884.0,145616.0,1321.0,2268.0,3589.0,5929.0,6369.0,12298.0,525883.0,481139.0,1007022.0
Odisha,2019-20,1923.0,1423.0,3346.0,419.0,584.0,1003.0,47838.0,50717.0,98555.0,379994.0,367114.0,747108.0,1786.0,947.0,2733.0,89412.0,34712.0,124124.0,3402.0,5748.0,9150.0,4452.0,4458.0,8910.0,529226.0,465703.0,994929.0
Puducherry,2023-24,1132.0,1055.0,2187.0,1.0,7.0,8.0,17602.330645161288,18485.891129032258,36088.221774193546,34054.862903225796,38569.87096774193,72624.73387096773,37.0,21.0,58.0,2405.0,1166.0,3571.0,,,,548.0,949.0,1497.0,55780.193548387084,60253.76209677419,116033.95564516127
Puducherry,2022-23,375.0,325.0,700.0,,,,14309.07631578947,15069.7649122807,29378.84122807017,30198.49298245614,35163.24736842106,65361.7403508772,38.0,25.0,63.0,2556.0,1036.0,3592.0,16.0,4.0,20.0,566.0,942.0,1508.0,48058.56929824561,52565.01228070175,100623.5815789474
Puducherry,2021-22,325.0,278.0,603.0,,,,13198.0,13394.0,26592.0,28264.0,33817.0,62081.0,29.0,25.0,54.0,2438.0,1357.0,3795.0,11.0,8.0,19.0,556.0,943.0,1499.0,44821.0,49822.0,94643.0
Puducherry,2020-21,271.0,325.0,596.0,0.0,2.0,2.0,12865.0,13359.0,26224.0,26875.0,32921.0,59796.0,15.0,16.0,31.0,2806.0,1056.0,3862.0,1.0,6.0,7.0,354.0,381.0,735.0,43187.0,48066.0,91253.0
Puducherry,2019-20,291.0,217.0,508.0,21.0,46.0,67.0,11531.0,11728.0,23259.0,22863.0,28309.0,51172.0,52.0,54.0,106.0,2866.0,1122.0,3988.0,0.0,0.0,0.0,532.0,492.0,1024.0,38156.0,41968.0,80124.0
Punjab,2023-24,5444.0,7246.0,12690.0,,18.0,18.0,56609.0,65812.0,122421.0,341490.0,318360.0,659850.0,2717.0,3024.0,5741.0,42865.0,56113.0,98978.0,2488.0,3589.0,6077.0,11761.0,16128.0,27889.0,463374.0,470290.0,933664.0
Punjab,2022-23,3790.0,4882.0,8672.0,3.0,14.0,17.0,56380.60869565218,67277.25,123657.8586956522,338689.152173913,302757.7789855073,641446.9311594203,3323.0,3598.0,6921.0,53637.0,56448.0,110085.0,888.0,894.0,1782.0,10132.0,13232.0,23364.0,466842.7608695652,449103.0289855073,915945.7898550725
Punjab,2021-22,4946.0,5379.0,10325.0,28.0,41.0,69.0,46929.0,63149.0,110078.0,321099.0,292462.0,613561.0,2631.0,3183.0,5814.0,48756.0,47416.0,96172.0,748.0,952.0,1700.0,9479.0,11546.0,21025.0,434616.0,424128.0,858744.0
Punjab,2020-21,4628.0,4938.0,9566.0,142.0,169.0,311.0,43610.0,60696.0,104306.0,302634.0,284359.0,586993.0,1905.0,2394.0,4299.0,56209.0,52491.0,108700.0,617.0,696.0,1313.0,8499.0,9348.0,17847.0,418244.0,415091.0,833335.0
Punjab,2019-20,4111.0,4888.0,8999.0,307.0,315.0,622.0,39950.0,68143.0,108093.0,308617.0,312191.0,620808.0,2866.0,3692.0,6558.0,62421.0,46930.0,109351.0,600.0,948.0,1548.0,6459.0,7025.0,13484.0,425331.0,444132.0,869463.0
Rajasthan,2023-24,8882.0,10256.0,19138.0,29.0,84.0,113.0,160599.6396656988,189481.6860830846,350081.3257487834,1032947.8941434092,999523.1221244846,2032471.0162678938,7460.0,4941.0,12401.0,113813.0,60162.0,173975.0,1681.0,2082.0,3763.0,70199.0,75584.0,145783.0,1395611.5338091082,1342113.8082075692,2737725.3420166774
Rajasthan,2022-23,5572.0,6524.0,12096.0,14.0,48.0,62.0,141723.4314451408,178776.7525129004,320500.1839580412,1032187.589830693,962106.6586484808,1994294.248479174,7170.0,4171.0,11341.0,96879.0,49367.0,146246.0,1302.0,1696.0,2998.0,74005.0,73875.0,147880.0,1358853.021275834,1276564.411161381,2635417.432437215
Rajasthan,2021-22,6913.0,6915.0,13828.0,145.0,161.0,306.0,140674.0,169589.0,310263.0,1124079.0,978715.0,2102794.0,5357.0,3332.0,8689.0,86322.0,37439.0,123761.0,1869.0,1868.0,3737.0,64924.0,61038.0,125962.0,1430283.0,1259057.0,2689340.0
Rajasthan,2020-21,6588.0,6379.0,12967.0,166.0,104.0,270.0,113499.0,134819.0,248318.0,1014468.0,924253.0,1938721.0,7736.0,4554.0,12290.0,82769.0,36538.0,119307.0,3930.0,3916.0,7846.0,49148.0,43923.0,93071.0,1278304.0,1154486.0,2432790.0
Rajasthan,2019-20,5478.0,5372.0,10850.0,261.0,203.0,464.0,115851.0,130222.0,246073.0,907391.0,853674.0,1761065.0,5382.0,3845.0,9227.0,80436.0,30826.0,111262.0,6419.0,6578.0,12997.0,29968.0,24611.0,54579.0,1151186.0,1055331.0,2206517.0
Sikkim,2023-24,226.0,173.0,399.0,,,,2882.0,3998.0,6880.0,13048.0,13010.0,26058.0,24.0,12.0,36.0,1751.0,1309.0,3060.0,4.0,4.0,8.0,188.0,292.0,480.0,18123.0,18798.0,36921.0
Sikkim,2022-23,385.0,332.0,717.0,18.0,25.0,43.0,2265.777777777778,3570.777777777778,5836.555555555556,12176.77777777778,12555.0,24731.77777777778,21.0,16.0,37.0,1072.0,929.0,2001.0,41.0,6.0,47.0,167.0,271.0,438.0,16146.55555555556,17704.77777777778,33851.33333333334
Sikkim,2021-22,337.0,315.0,652.0,18.0,25.0,43.0,2421.0,3565.0,5986.0,12268.0,12538.0,24806.0,18.0,11.0,29.0,994.0,777.0,1771.0,50.0,5.0,55.0,168.0,251.0,419.0,16274.0,17487.0,33761.0
Sikkim,2020-21,115.0,80.0,195.0,34.0,30.0,64.0,2929.0,4001.0,6930.0,12295.0,12533.0,24828.0,32.0,11.0,43.0,1088.0,1179.0,2267.0,61.0,11.0,72.0,153.0,222.0,375.0,16707.0,18067.0,34774.0
Sikkim,2019-20,215.0,195.0,410.0,43.0,44.0,87.0,17445.0,10667.0,28112.0,14134.0,12730.0,26864.0,23.0,18.0,41.0,1035.0,1164.0,2199.0,34.0,6.0,40.0,120.0,198.0,318.0,33049.0,25022.0,58071.0
Tamil Nadu,2023-24,21211.0,27274.0,48485.0,336.0,557.0,893.0,200409.1101858348,279638.68640036834,480047.79658620316,1390410.0541483806,1361529.0121450978,2751939.0662934785,2789.0,2458.0,5247.0,182470.0,51057.0,233527.0,3840.0,22028.0,25868.0,15109.0,15931.0,31040.0,1816574.1643342152,1760472.6985454662,3577046.8628796814
Tamil Nadu,2022-23,11248.0,15362.0,26610.0,391.0,787.0,1178.0,198868.836544568,273417.6867304387,472286.5232750066,1302943.907380267,1289393.361347004,2592337.268727271,2609.0,2495.0,5104.0,201845.0,51660.0,253505.0,14566.0,11302.0,25868.0,13408.0,14692.0,28100.0,1745879.743924835,1659109.048077442,3404988.792002278
Tamil Nadu,2021-22,13457.0,15410.0,28867.0,925.0,3116.0,4041.0,198013.0,266073.0,464086.0,1243667.0,1248155.0,2491822.0,8126.0,6603.0,14729.0,213546.0,49168.0,262714.0,7290.0,9324.0,16614.0,13088.0,13366.0,26454.0,1698112.0,1611215.0,3309327.0
Tamil Nadu,2020-21,17443.0,16968.0,34411.0,1696.0,5007.0,6703.0,185725.0,278930.0,464655.0,1182067.0,1280466.0,2462533.0,9155.0,6392.0,15547.0,247335.0,61174.0,308509.0,6676.0,14108.0,20784.0,12056.0,11241.0,23297.0,1662153.0,1674286.0,3336439.0
Tamil Nadu,2019-20,15828.0,14832.0,30660.0,2470.0,7309.0,9779.0,184265.0,295673.0,479938.0,1260037.0,1330973.0,2591010.0,9095.0,6817.0,15912.0,284382.0,63535.0,347917.0,10615.0,12496.0,23111.0,11494.0,10490.0,21984.0,1778186.0,1742125.0,3520311.0
Telangana,2023-24,5528.0,3819.0,9347.0,13.0,43.0,56.0,102415.49810665619,141432.78418520672,243848.2822918629,709810.9160035144,721308.0924077182,1431119.0084112326,6197.0,5850.0,12047.0,41784.0,34644.0,76428.0,2119.0,1668.0,3787.0,6377.0,4451.0,10828.0,874244.4141101706,913215.8765929249,1787460.2907030955
Telangana,2022-23,4624.0,2606.0,7230.0,34.0,38.0,72.0,91115.13797361635,126029.4294508423,217144.5674244587,669112.3414574489,678078.3054187282,1347190.646876177,4079.0,3485.0,7564.0,42693.0,37059.0,79752.0,1820.0,1360.0,3180.0,5111.0,4318.0,9429.0,818588.4794310653,852973.7348695705,1671562.214300636
Telangana,2021-22,4442.0,2525.0,6967.0,57.0,43.0,100.0,89767.0,117315.0,207082.0,638370.0,633953.0,1272323.0,4386.0,3529.0,7915.0,50261.0,41291.0,91552.0,1532.0,1590.0,3122.0,4538.0,3081.0,7619.0,793353.0,803327.0,1596680.0
Telangana,2020-21,4228.0,2487.0,6715.0,106.0,74.0,180.0,86425.0,109813.0,196238.0,617563.0,634298.0,1251861.0,4791.0,3180.0,7971.0,56054.0,43630.0,99684.0,2276.0,2203.0,4479.0,3866.0,2792.0,6658.0,775309.0,798477.0,1573786.0
Telangana,2019-20,3507.0,2001.0,5508.0,203.0,170.0,373.0,81042.0,103478.0,184520.0,519501.0,559280.0,1078781.0,3310.0,2292.0,5602.0,60653.0,45728.0,106381.0,923.0,1290.0,2213.0,3629.0,2601.0,6230.0,672768.0,716840.0,1389608.0
D & N Haveli and Daman & Diu,2023-24,,2.0,2.0,,,,231.0,535.0,766.0,4596.0,5108.0,9704.0,40.0,17.0,57.0,1489.0,472.0,1961.0,,,,54.0,76.0,130.0,6410.0,6210.0,12620.0
D & N Haveli and Daman & Diu,2022-23,0.0,2.0,2.0,,,,268.0,641.0,909.0,4742.0,5273.0,10015.0,44.0,18.0,62.0,1502.0,397.0,1899.0,,,,51.0,71.0,122.0,6607.0,6402.0,13009.0
D & N Haveli and Daman & Diu,2021-22,,,,,,,305.0,543.0,848.0,4656.0,5103.0,9759.0,,,,1686.0,422.0,2108.0,,,,36.0,54.0,90.0,6683.0,6122.0,12805.0
D & N Haveli and Daman & Diu,2020-21,0.0,0.0,0.0,0.0,0.0,0.0,259.0,508.0,767.0,4020.0,4681.0,8701.0,0.0,0.0,0.0,1647.0,397.0,2044.0,0.0,0.0,0.0,22.0,36.0,58.0,5948.0,5622.0,11570.0
D & N Haveli and Daman & Diu,2019-20,0.0,0.0,0.0,0.0,0.0,0.0,188.0,433.0,621.0,3436.0,4165.0,7601.0,0.0,0.0,0.0,1685.0,381.0,2066.0,0.0,0.0,0.0,11.0,26.0,37.0,5320.0,5005.0,10325.0
Tripura,2023-24,372.0,232.0,604.0,,,,4832.0,5331.0,10163.0,45733.0,45942.0,91675.0,71.0,36.0,107.0,2622.0,2548.0,5170.0,22.0,51.0,73.0,1391.0,1186.0,2577.0,55043.0,55326.0,110369.0
Tripura,2022-23,127.0,77.0,204.0,1.0,4.0,5.0,4326.0,5130.0,9456.0,44093.0,41382.0,85475.0,45.0,29.0,74.0,2411.0,2567.0,4978.0,19.0,9.0,28.0,1146.0,958.0,2104.0,52168.0,50156.0,102324.0
Tripura,2021-22,286.0,173.0,459.0,2.0,10.0,12.0,5209.0,5840.0,11049.0,44432.0,37731.0,82163.0,76.0,59.0,135.0,2409.0,2297.0,4706.0,18.0,18.0,36.0,1106.0,885.0,1991.0,53538.0,47013.0,100551.0
Tripura,2020-21,452.0,220.0,672.0,2.0,10.0,12.0,5919.0,6287.0,12206.0,38810.0,34214.0,73024.0,116.0,133.0,249.0,2243.0,2632.0,4875.0,15.0,13.0,28.0,871.0,723.0,1594.0,48428.0,44232.0,92660.0
Tripura,2019-20,388.0,227.0,615.0,0.0,0.0,0.0,5941.0,5877.0,11818.0,37816.0,30459.0,68275.0,67.0,64.0,131.0,2274.0,2126.0,4400.0,149.0,221.0,370.0,396.0,242.0,638.0,47031.0,39216.0,86247.0
Uttar Pradesh,2023-24,19145.0,16135.0,35280.0,9.0,56.0,65.0,384001.3582833412,491872.7263445886,875874.0846279298,2938158.137491143,2814870.9719692725,5753029.109460415,11271.0,8059.0,19330.0,280017.0,192501.0,472518.0,17949.0,16673.0,34622.0,48801.0,29579.0,78380.0,3699351.4957744842,3569746.698313861,7269098.194088345
Uttar Pradesh,2022-23,14232.0,10820.0,25052.0,19.0,67.0,86.0,384775.4375367675,478525.1908852058,863300.6284219733,3041322.031793292,2864997.960418404,5906319.992211696,12042.0,8295.0,20337.0,217314.0,116732.0,334046.0,12275.0,9096.0,21371.0,46821.0,27619.0,74440.0,3728800.46933006,3516152.151303609,7244952.620633669
Uttar Pradesh,2021-22,11988.0,9725.0,21713.0,15.0,62.0,77.0,348726.0,411389.0,760115.0,3033329.0,2745769.0,5779098.0,17801.0,9432.0,27233.0,217394.0,103605.0,320999.0,3435.0,2854.0,6289.0,36630.0,21270.0,57900.0,3669318.0,3304106.0,6973424.0
Uttar Pradesh,2020-21,11560.0,8246.0,19806.0,234.0,381.0,615.0,278090.0,353448.0,631538.0,2820340.0,2727844.0,5548184.0,30530.0,23307.0,53837.0,215020.0,112030.0,327050.0,8672.0,9459.0,18131.0,32566.0,19340.0,51906.0,3397012.0,3254055.0,6651067.0
Uttar Pradesh,2019-20,13693.0,10071.0,23764.0,217.0,320.0,537.0,237350.0,331801.0,569151.0,2636040.0,2765496.0,5401536.0,13318.0,11152.0,24470.0,198868.0,103325.0,302193.0,10660.0,14266.0,24926.0,26504.0,15133.0,41637.0,3136650.0,3251564.0,6388214.0
Uttarakhand,2023-24,4897.0,4248.0,9145.0,,,,50967.42957321521,66736.72654164178,117704.15611485699,234145.33939728915,241240.44388426642,475385.7832815556,397.0,375.0,772.0,22814.0,8572.0,31386.0,270.0,111.0,381.0,3851.0,2670.0,6521.0,317341.7689705044,323953.1704259082,641294.9393964126
Uttarakhand,2022-23,4367.0,2919.0,7286.0,,,,44361.3223009527,60690.59152682511,105051.9138277778,216847.233563972,214264.7835423253,431112.0171062973,474.0,420.0,894.0,20974.0,7987.0,28961.0,239.0,98.0,337.0,3465.0,2308.0,5773.0,290727.5558649247,288687.3750691504,579414.930934075
Uttarakhand,2021-22,2573.0,1900.0,4473.0,5.0,,5.0,41134.0,53023.0,94157.0,217701.0,216121.0,433822.0,560.0,419.0,979.0,20403.0,7638.0,28041.0,218.0,64.0,282.0,3555.0,2390.0,5945.0,286149.0,281555.0,567704.0
Uttarakhand,2020-21,4099.0,2533.0,6632.0,4.0,1.0,5.0,46493.0,61555.0,108048.0,227696.0,239419.0,467115.0,1231.0,1122.0,2353.0,20926.0,7946.0,28872.0,450.0,176.0,626.0,3951.0,2549.0,6500.0,304850.0,315301.0,620151.0
Uttarakhand,2019-20,3449.0,2019.0,5468.0,21.0,13.0,34.0,34137.0,45833.0,79970.0,184770.0,185154.0,369924.0,1096.0,1078.0,2174.0,21760.0,7924.0,29684.0,294.0,79.0,373.0,3366.0,2286.0,5652.0,248893.0,244386.0,493279.0
West Bengal,2023-24,10214.0,6765.0,16979.0,77.0,53.0,130.0,103879.44091226233,152849.2265436944,256728.66745595675,949842.5303069946,1001242.5120966336,1951085.0424036281,2559.0,1955.0,4514.0,119548.0,80489.0,200037.0,3421.0,3518.0,6939.0,9945.0,7122.0,17067.0,1199485.971219257,1253993.738640328,2453479.709859585
West Bengal,2022-23,7931.0,4640.0,12571.0,313.0,262.0,575.0,130707.5,186439.6666666667,317147.1666666667,1086423.166666667,1048737.166666667,2135160.333333333,3010.0,2048.0,5058.0,117229.0,77824.0,195053.0,5265.0,5237.0,10502.0,9922.0,6880.0,16802.0,1360800.666666667,1332067.833333333,2692868.5
West Bengal,2021-22,8683.0,5103.0,13786.0,688.0,614.0,1302.0,126244.0,177120.0,303364.0,1106488.0,1080500.0,2186988.0,3130.0,2013.0,5143.0,117513.0,72433.0,189946.0,3291.0,2115.0,5406.0,9590.0,6626.0,16216.0,1375627.0,1346524.0,2722151.0
West Bengal,2020-21,8757.0,5173.0,13930.0,1003.0,963.0,1966.0,79405.0,108051.0,187456.0,863390.0,929778.0,1793168.0,3440.0,2372.0,5812.0,116868.0,74479.0,191347.0,3381.0,3119.0,6500.0,9939.0,5418.0,15357.0,1086183.0,1129353.0,2215536.0
West Bengal,2019-20,8063.0,4773.0,12836.0,1195.0,983.0,2178.0,62665.0,90360.0,153025.0,865130.0,924953.0,1790083.0,3390.0,2129.0,5519.0,114991.0,58776.0,173767.0,4859.0,3695.0,8554.0,9336.0,5595.0,14931.0,1069629.0,1091264.0,2160893.0
